{"loss": [0.5836137533187866, 0.3634238839149475, 0.2099207043647766, 0.12856021523475647, 0.11275988817214966, 0.0941612645983696, 0.0693785548210144, 0.06422204524278641, 0.059216778725385666], "accuracy": [0.6846072673797607, 0.8367254734039307, 0.9187396168708801, 0.9553746581077576, 0.9618573784828186, 0.9662294387817383, 0.9790441989898682, 0.9764812588691711, 0.9804010391235352], "val_loss": [0.4251801669597626, 0.23133297264575958, 0.1197313517332077, 0.09926357865333557, 0.07232546806335449, 0.0671408623456955, 0.039855293929576874, 0.10318711400032043, 0.0485963299870491], "val_accuracy": [0.822377622127533, 0.9118881225585938, 0.9566433429718018, 0.9580419659614563, 0.9748252034187317, 0.9748252034187317, 0.988811194896698, 0.955244779586792, 0.9846153855323792]}